{"RMSE": 3259.5497616932985, "MAE": 47.66687034072708}